               epoch,      train/box_loss,      train/obj_loss,      train/cls_loss,   metrics/precision,      metrics/recall,     metrics/mAP_0.5,metrics/mAP_0.5:0.95,        val/box_loss,        val/obj_loss,        val/cls_loss,               x/lr0,               x/lr1,               x/lr2
                   0,            0.044138,            0.024606,            0.047238,            0.097016,             0.28484,             0.11951,             0.06254,            0.041932,            0.055746,            0.084375,            0.070179,           0.0033135,           0.0033135
                   1,            0.036466,            0.021279,            0.030962,          0.00071507,             0.19214,          0.00054052,          0.00013228,            0.088281,            0.076492,            0.062631,            0.040165,           0.0066337,           0.0066337
                   2,            0.034056,            0.020807,            0.024189,             0.18376,             0.24157,             0.18157,            0.084641,            0.041958,            0.073696,            0.046555,            0.010139,           0.0099406,           0.0099406
                   3,            0.030506,            0.019322,            0.020405,             0.64694,              0.5136,             0.53936,             0.26753,            0.033982,            0.023607,            0.042886,           0.0099406,           0.0099406,           0.0099406
                   4,              0.0273,            0.018111,            0.017306,             0.65182,             0.73043,             0.77484,             0.52146,            0.023988,            0.015577,            0.023839,           0.0099406,           0.0099406,           0.0099406
                   5,            0.026098,            0.017218,            0.015735,             0.71674,             0.59607,             0.72324,             0.45849,            0.024827,            0.014839,            0.050455,           0.0099208,           0.0099208,           0.0099208
                   6,             0.02442,            0.016405,            0.014545,             0.73522,             0.74526,             0.82512,             0.60266,            0.020042,            0.011688,            0.014015,            0.009901,            0.009901,            0.009901
                   7,            0.023348,            0.015877,            0.012818,             0.75356,             0.81965,             0.84384,             0.61176,            0.020871,            0.011891,            0.012663,           0.0098812,           0.0098812,           0.0098812
                   8,            0.022454,            0.015537,              0.0115,             0.59505,             0.66926,             0.71473,             0.53142,            0.019796,             0.01242,            0.032239,           0.0098614,           0.0098614,           0.0098614
                   9,            0.022012,            0.015234,            0.011448,             0.75576,             0.82861,             0.85374,             0.62832,            0.019458,            0.011489,            0.012755,           0.0098416,           0.0098416,           0.0098416
                  10,            0.021151,            0.015169,            0.011165,             0.74376,              0.8409,              0.8362,              0.6362,            0.019052,             0.01156,            0.010308,           0.0098218,           0.0098218,           0.0098218
                  11,            0.020364,            0.014945,            0.010238,             0.75302,             0.75279,             0.85066,             0.65504,            0.017481,             0.01046,            0.022155,            0.009802,            0.009802,            0.009802
                  12,            0.020098,            0.014519,           0.0099949,             0.82194,             0.77392,             0.81345,             0.64113,              0.0183,            0.010918,            0.012421,           0.0097822,           0.0097822,           0.0097822
                  13,             0.01967,            0.014311,            0.010135,             0.73513,             0.74412,             0.78809,             0.60184,            0.018485,             0.01168,            0.020174,           0.0097624,           0.0097624,           0.0097624
                  14,             0.01874,            0.014177,           0.0094857,             0.73271,             0.82147,             0.85536,             0.67144,            0.016806,            0.010664,            0.013315,           0.0097426,           0.0097426,           0.0097426
                  15,            0.019054,            0.013893,           0.0097417,             0.69447,             0.77768,             0.80125,             0.63923,            0.017181,            0.011029,             0.02295,           0.0097228,           0.0097228,           0.0097228
                  16,             0.01887,            0.013765,           0.0091486,             0.78505,             0.78352,             0.85101,             0.65614,            0.016477,            0.010228,            0.015322,            0.009703,            0.009703,            0.009703
                  17,            0.019028,              0.0137,           0.0091153,             0.84967,             0.81388,             0.85229,             0.67665,            0.015669,            0.011907,            0.014129,           0.0096832,           0.0096832,           0.0096832
                  18,            0.017779,            0.013489,           0.0082814,             0.81661,             0.85861,             0.87894,             0.71759,            0.015374,           0.0096523,           0.0095673,           0.0096634,           0.0096634,           0.0096634
                  19,            0.017307,            0.013267,            0.008029,             0.73869,             0.87065,             0.83994,             0.67483,             0.01485,            0.009702,            0.012005,           0.0096436,           0.0096436,           0.0096436
                  20,            0.017208,            0.013058,           0.0082542,             0.82845,             0.89426,             0.87616,              0.6943,            0.015275,           0.0097125,           0.0071609,           0.0096238,           0.0096238,           0.0096238
                  21,            0.016911,            0.012938,           0.0075419,             0.82982,             0.86738,             0.87334,               0.719,            0.014145,           0.0094771,            0.011087,            0.009604,            0.009604,            0.009604
                  22,            0.016746,            0.012675,           0.0075889,             0.80162,             0.78297,             0.82426,             0.67306,            0.014145,           0.0097247,            0.015148,           0.0095842,           0.0095842,           0.0095842
                  23,            0.016526,            0.012588,           0.0073174,             0.80585,             0.87234,             0.87066,             0.70676,            0.014747,           0.0091522,            0.014181,           0.0095644,           0.0095644,           0.0095644
                  24,            0.016213,            0.012749,           0.0076399,             0.84739,             0.86793,             0.89115,             0.72365,            0.015288,            0.010123,           0.0081922,           0.0095446,           0.0095446,           0.0095446
                  25,            0.016083,            0.012323,           0.0071624,             0.79409,             0.85745,             0.89095,             0.69251,            0.016433,            0.010305,            0.012995,           0.0095248,           0.0095248,           0.0095248
                  26,            0.016472,            0.012673,           0.0078567,              0.8465,             0.85652,             0.88989,             0.72083,             0.01428,           0.0094281,            0.012562,            0.009505,            0.009505,            0.009505
                  27,            0.016019,            0.012579,           0.0070934,             0.86315,             0.85972,             0.86854,             0.70951,            0.014101,           0.0091522,           0.0096901,           0.0094852,           0.0094852,           0.0094852
                  28,            0.015698,            0.012467,            0.006309,             0.81783,             0.84562,             0.87678,             0.72082,             0.01421,           0.0093325,           0.0095401,           0.0094654,           0.0094654,           0.0094654
                  29,            0.015849,            0.012314,           0.0069703,             0.80324,              0.8283,             0.86029,             0.70327,            0.014799,           0.0094823,            0.013251,           0.0094456,           0.0094456,           0.0094456
                  30,            0.015619,            0.012145,           0.0066581,              0.8013,             0.89195,              0.8657,             0.70365,            0.013765,           0.0089143,            0.010455,           0.0094258,           0.0094258,           0.0094258
                  31,            0.015364,            0.012091,           0.0062758,             0.75541,             0.87996,             0.83042,             0.69731,             0.01435,           0.0093734,            0.014306,            0.009406,            0.009406,            0.009406
                  32,            0.014994,            0.012371,           0.0066555,             0.79666,             0.85719,             0.86727,             0.71681,            0.014492,           0.0095628,            0.010946,           0.0093862,           0.0093862,           0.0093862
                  33,            0.014724,            0.012195,           0.0061432,             0.74984,              0.8484,             0.84068,             0.70648,             0.01447,           0.0092632,             0.01371,           0.0093664,           0.0093664,           0.0093664
                  34,            0.014987,            0.011886,           0.0063992,             0.82308,             0.85551,              0.8352,             0.69199,            0.013804,           0.0091778,            0.011611,           0.0093466,           0.0093466,           0.0093466
                  35,            0.014791,            0.012058,           0.0062392,             0.82146,             0.85626,             0.87486,             0.73034,            0.013805,           0.0093942,            0.008938,           0.0093268,           0.0093268,           0.0093268
                  36,            0.015046,            0.011866,           0.0060402,             0.79112,              0.8663,             0.84268,             0.70096,            0.014036,           0.0091768,            0.011081,            0.009307,            0.009307,            0.009307
                  37,            0.014673,            0.011629,            0.005631,             0.84621,             0.84137,              0.8604,             0.71943,            0.013225,           0.0088648,            0.011739,           0.0092872,           0.0092872,           0.0092872
                  38,            0.014243,            0.011431,           0.0060548,             0.77408,             0.80705,             0.81565,             0.70584,            0.012746,           0.0088559,            0.017882,           0.0092674,           0.0092674,           0.0092674
                  39,            0.014062,            0.011392,           0.0055986,             0.86386,             0.84092,             0.86301,             0.72551,             0.01274,           0.0089816,            0.012864,           0.0092476,           0.0092476,           0.0092476
                  40,            0.013959,            0.011298,           0.0057526,             0.79781,             0.87931,             0.88845,             0.73883,            0.013023,           0.0091832,            0.010831,           0.0092278,           0.0092278,           0.0092278
                  41,             0.01408,            0.011359,            0.005895,             0.85461,             0.84051,             0.85909,             0.71702,            0.013848,           0.0096951,            0.015003,            0.009208,            0.009208,            0.009208
                  42,            0.014464,            0.011421,            0.005485,             0.82573,             0.87706,             0.88238,             0.75186,            0.012709,           0.0092717,            0.010346,           0.0091882,           0.0091882,           0.0091882
                  43,             0.01412,            0.011266,           0.0057181,             0.80495,              0.8705,             0.84624,             0.70619,            0.013054,            0.009025,            0.012897,           0.0091684,           0.0091684,           0.0091684
                  44,            0.014298,            0.011454,           0.0056303,             0.76827,             0.82425,             0.86338,             0.72183,            0.013347,           0.0091743,             0.01156,           0.0091486,           0.0091486,           0.0091486
                  45,            0.014116,            0.011132,           0.0055541,             0.76219,             0.81602,              0.8178,             0.70484,            0.013049,           0.0091662,            0.013545,           0.0091288,           0.0091288,           0.0091288
                  46,             0.01391,            0.011153,           0.0055765,             0.80137,             0.82929,             0.85567,             0.70151,            0.014231,           0.0091508,            0.013685,            0.009109,            0.009109,            0.009109
                  47,            0.013816,            0.011013,           0.0055851,               0.739,             0.79027,             0.81066,             0.69388,            0.013328,           0.0091408,            0.015432,           0.0090892,           0.0090892,           0.0090892
                  48,            0.013846,            0.011196,           0.0057233,             0.81628,             0.86631,             0.87739,             0.74522,            0.013312,           0.0088048,            0.013933,           0.0090694,           0.0090694,           0.0090694
                  49,            0.013353,            0.011117,            0.005714,             0.80173,             0.78923,             0.82732,             0.68948,            0.013661,           0.0095528,            0.015141,           0.0090496,           0.0090496,           0.0090496
                  50,            0.013362,            0.011175,           0.0053422,             0.85529,             0.82852,             0.86953,             0.73471,            0.013086,            0.008565,            0.014931,           0.0090298,           0.0090298,           0.0090298
                  51,            0.013653,            0.011137,           0.0052247,             0.82875,             0.83748,             0.88427,              0.7313,            0.013766,           0.0089991,            0.011048,             0.00901,             0.00901,             0.00901
                  52,            0.013504,             0.01103,           0.0052469,             0.77185,             0.87947,             0.83318,             0.72248,            0.012392,           0.0084931,            0.011249,           0.0089902,           0.0089902,           0.0089902
                  53,            0.013427,            0.011057,           0.0055092,             0.78107,             0.81773,             0.84141,             0.70135,            0.013385,           0.0094219,            0.016589,           0.0089704,           0.0089704,           0.0089704
                  54,            0.013671,            0.011201,           0.0054196,             0.77488,             0.87667,             0.86254,              0.7279,            0.013196,           0.0093188,            0.010448,           0.0089506,           0.0089506,           0.0089506
                  55,            0.013299,             0.01086,           0.0052168,             0.77202,              0.8501,             0.85043,             0.72187,            0.013036,           0.0089363,            0.017045,           0.0089308,           0.0089308,           0.0089308
                  56,            0.012849,            0.010954,           0.0047793,             0.77586,             0.83925,             0.83965,             0.70807,            0.012725,           0.0086651,            0.014717,            0.008911,            0.008911,            0.008911
                  57,             0.01307,            0.010835,             0.00523,             0.82171,             0.83262,             0.84571,             0.72703,            0.012476,            0.008739,            0.014563,           0.0088912,           0.0088912,           0.0088912
                  58,            0.013102,            0.011027,           0.0048395,             0.79067,             0.88002,              0.8962,             0.75625,            0.012919,           0.0089667,            0.010153,           0.0088714,           0.0088714,           0.0088714
                  59,            0.012929,            0.010815,           0.0052843,             0.78568,             0.83968,             0.84389,             0.71964,            0.013362,            0.009122,            0.015001,           0.0088516,           0.0088516,           0.0088516
                  60,            0.013174,            0.010763,           0.0051708,             0.82116,             0.85307,             0.86728,             0.73866,            0.012366,           0.0088466,            0.015422,           0.0088318,           0.0088318,           0.0088318
                  61,            0.012911,            0.010922,           0.0053788,             0.85094,              0.8734,             0.88453,             0.73307,            0.012822,            0.009229,             0.01427,            0.008812,            0.008812,            0.008812
                  62,             0.01266,            0.010766,           0.0046067,             0.83796,             0.84791,             0.87248,             0.74736,            0.012806,           0.0085567,            0.013526,           0.0087922,           0.0087922,           0.0087922
                  63,            0.012285,              0.0105,           0.0045557,             0.85949,             0.84078,             0.85491,             0.74468,            0.012466,           0.0085017,             0.01492,           0.0087724,           0.0087724,           0.0087724
                  64,            0.012475,            0.010481,           0.0049393,             0.85193,             0.82755,             0.85184,             0.72671,            0.012187,           0.0085489,            0.014366,           0.0087526,           0.0087526,           0.0087526
                  65,            0.012427,            0.010316,           0.0046224,             0.84338,             0.86568,             0.85726,             0.72054,            0.012287,            0.008625,              0.0147,           0.0087328,           0.0087328,           0.0087328
                  66,            0.012205,            0.010312,           0.0043505,             0.80707,             0.83191,             0.84076,             0.72478,            0.012154,             0.00863,            0.015179,            0.008713,            0.008713,            0.008713
                  67,            0.012155,            0.010537,           0.0043505,             0.80373,             0.82614,             0.84371,             0.72084,            0.011958,           0.0082979,             0.01516,           0.0086932,           0.0086932,           0.0086932
                  68,            0.012262,            0.010131,           0.0049152,             0.77363,              0.8566,             0.85156,             0.72992,            0.012222,           0.0088536,            0.017005,           0.0086734,           0.0086734,           0.0086734
                  69,            0.012452,            0.010237,            0.004864,             0.81657,             0.80781,             0.84624,             0.73191,            0.012049,           0.0085688,            0.014677,           0.0086536,           0.0086536,           0.0086536
                  70,            0.012811,            0.010704,           0.0049412,             0.83234,             0.85587,              0.8621,             0.74543,            0.011669,           0.0084185,            0.011848,           0.0086338,           0.0086338,           0.0086338
                  71,            0.013035,            0.010557,           0.0048526,             0.85522,             0.87592,             0.87642,              0.7426,            0.012044,           0.0084686,            0.013204,            0.008614,            0.008614,            0.008614
                  72,            0.012285,            0.010412,           0.0048042,             0.81097,             0.83573,             0.83387,             0.72536,            0.011993,           0.0084878,            0.015249,           0.0085942,           0.0085942,           0.0085942
                  73,            0.012139,            0.010378,           0.0046781,             0.83779,             0.85151,             0.87258,              0.7374,            0.012062,           0.0087274,            0.013949,           0.0085744,           0.0085744,           0.0085744
                  74,            0.012338,            0.010202,           0.0046237,             0.83747,             0.84747,             0.87874,              0.7529,            0.011864,           0.0084233,            0.013069,           0.0085546,           0.0085546,           0.0085546
                  75,            0.011976,            0.010258,           0.0044857,             0.82162,              0.8578,             0.86512,             0.74656,            0.011563,           0.0081092,            0.015486,           0.0085348,           0.0085348,           0.0085348
                  76,            0.011862,            0.010065,           0.0044114,              0.8257,             0.85769,             0.85991,             0.74555,            0.011642,           0.0082567,            0.016652,            0.008515,            0.008515,            0.008515
                  77,            0.012102,            0.010111,           0.0042235,             0.82932,             0.83046,             0.85469,             0.72929,            0.011608,           0.0079857,            0.014659,           0.0084952,           0.0084952,           0.0084952
                  78,            0.011866,           0.0099786,           0.0041084,              0.8174,             0.86146,             0.84903,             0.73219,            0.011602,           0.0079601,            0.012765,           0.0084754,           0.0084754,           0.0084754
                  79,            0.011786,            0.010196,           0.0042105,             0.80759,              0.8962,             0.85702,              0.7358,            0.011647,           0.0082142,            0.014266,           0.0084556,           0.0084556,           0.0084556
                  80,            0.011985,            0.010082,           0.0046748,             0.80794,               0.845,             0.84539,             0.72258,            0.011783,           0.0085498,            0.014445,           0.0084358,           0.0084358,           0.0084358
                  81,            0.011711,            0.010073,           0.0043824,             0.80735,             0.85585,             0.84748,             0.73027,            0.011527,           0.0080281,             0.01528,            0.008416,            0.008416,            0.008416
                  82,            0.011783,            0.010081,           0.0046585,             0.80289,             0.89057,             0.87665,             0.74965,              0.0115,           0.0081607,            0.011673,           0.0083962,           0.0083962,           0.0083962
                  83,            0.011696,             0.01022,            0.004491,             0.87658,             0.89034,             0.91043,              0.7696,            0.011825,           0.0084106,           0.0096656,           0.0083764,           0.0083764,           0.0083764
                  84,            0.011429,           0.0099598,           0.0043314,             0.80439,             0.89369,             0.88181,             0.75233,            0.011764,           0.0083507,            0.013271,           0.0083566,           0.0083566,           0.0083566
                  85,             0.01144,           0.0099613,           0.0042036,             0.83194,             0.82696,             0.86635,              0.7288,             0.01162,           0.0085074,            0.016237,           0.0083368,           0.0083368,           0.0083368
                  86,            0.011517,           0.0098585,           0.0043796,             0.91672,             0.84334,             0.89649,             0.75512,             0.01163,           0.0084114,            0.013112,            0.008317,            0.008317,            0.008317
                  87,            0.011608,             0.01009,           0.0044919,             0.83456,             0.86488,              0.8809,              0.7549,            0.011537,           0.0084198,            0.012471,           0.0082972,           0.0082972,           0.0082972
                  88,            0.011311,           0.0097178,           0.0043719,             0.82944,             0.87236,             0.87399,             0.74425,            0.011738,           0.0085792,             0.01162,           0.0082774,           0.0082774,           0.0082774
                  89,            0.011233,           0.0097136,           0.0041997,             0.85519,             0.83086,             0.86313,             0.73897,            0.011935,           0.0084631,            0.016601,           0.0082576,           0.0082576,           0.0082576
                  90,            0.011206,           0.0099307,           0.0039284,             0.81227,             0.85587,             0.85672,             0.73968,            0.011818,           0.0082798,            0.012695,           0.0082378,           0.0082378,           0.0082378
                  91,            0.011171,           0.0099954,           0.0041502,             0.84704,             0.86078,             0.88292,             0.74143,            0.011545,            0.008353,            0.015214,            0.008218,            0.008218,            0.008218
                  92,            0.011321,            0.010072,           0.0045715,             0.84499,             0.84789,             0.86893,             0.74218,            0.011811,           0.0084167,            0.014894,           0.0081982,           0.0081982,           0.0081982
                  93,            0.011287,           0.0099313,           0.0041902,             0.81633,               0.874,             0.89008,             0.74573,            0.011869,           0.0085691,            0.013006,           0.0081784,           0.0081784,           0.0081784
                  94,            0.011371,           0.0096466,           0.0046376,             0.81642,             0.82542,             0.84625,              0.7278,            0.011557,           0.0080674,            0.016312,           0.0081586,           0.0081586,           0.0081586
                  95,            0.011368,            0.010002,           0.0038608,             0.79402,             0.85647,             0.84322,             0.73469,            0.011287,           0.0080633,            0.016297,           0.0081388,           0.0081388,           0.0081388
                  96,            0.011319,           0.0097255,           0.0043164,             0.81582,             0.92164,               0.905,             0.77022,            0.011474,           0.0080321,            0.012021,            0.008119,            0.008119,            0.008119
                  97,            0.011162,           0.0097865,           0.0041724,             0.86011,             0.85524,             0.88056,             0.75241,            0.011743,           0.0083293,             0.01351,           0.0080992,           0.0080992,           0.0080992
                  98,            0.011138,           0.0096782,           0.0042753,             0.86607,             0.85685,             0.89573,             0.76075,            0.011646,            0.008427,            0.010914,           0.0080794,           0.0080794,           0.0080794
                  99,            0.011148,           0.0096885,           0.0044696,             0.82327,             0.86394,             0.88102,             0.74892,            0.011574,           0.0086829,            0.015725,           0.0080596,           0.0080596,           0.0080596
                 100,            0.011111,           0.0098633,           0.0038492,             0.84988,             0.86704,             0.87924,             0.75866,            0.011577,           0.0082951,            0.017294,           0.0080398,           0.0080398,           0.0080398
                 101,            0.011334,           0.0097351,            0.004346,             0.78706,             0.85511,             0.85217,             0.74308,            0.011722,           0.0083256,            0.015084,             0.00802,             0.00802,             0.00802
                 102,            0.011166,            0.009699,           0.0041172,             0.84262,             0.83428,             0.87758,             0.75483,            0.011622,           0.0081851,              0.0137,           0.0080002,           0.0080002,           0.0080002
                 103,            0.011552,            0.009897,           0.0043448,             0.80469,             0.83147,             0.85441,             0.73497,            0.011603,           0.0082878,            0.014498,           0.0079804,           0.0079804,           0.0079804
                 104,            0.011483,           0.0099264,             0.00401,             0.87502,             0.88394,             0.88857,             0.76062,             0.01131,           0.0080675,            0.015462,           0.0079606,           0.0079606,           0.0079606
                 105,            0.011224,            0.009845,           0.0046787,             0.85325,               0.854,             0.87261,             0.74331,            0.011552,           0.0083395,            0.014251,           0.0079408,           0.0079408,           0.0079408
                 106,             0.01113,           0.0097384,           0.0046553,             0.83385,             0.87346,             0.86832,             0.75134,            0.011515,           0.0083085,            0.016316,            0.007921,            0.007921,            0.007921
                 107,            0.010903,           0.0095368,            0.004107,               0.869,             0.84638,             0.86694,              0.7435,            0.011466,           0.0081195,            0.016886,           0.0079012,           0.0079012,           0.0079012
                 108,            0.010735,           0.0095754,           0.0038583,             0.82147,             0.87045,             0.87367,             0.75401,            0.011156,           0.0080392,            0.015744,           0.0078814,           0.0078814,           0.0078814
                 109,            0.010734,           0.0094542,           0.0039335,             0.88095,              0.8618,             0.88409,             0.76383,            0.011169,           0.0080881,            0.015195,           0.0078616,           0.0078616,           0.0078616
                 110,            0.010593,           0.0095592,           0.0035942,             0.85762,             0.85543,             0.87545,             0.74745,            0.011346,           0.0081782,            0.015217,           0.0078418,           0.0078418,           0.0078418
                 111,            0.010714,           0.0095881,           0.0036733,             0.84017,             0.85337,             0.87524,             0.75602,            0.011344,            0.008136,            0.015171,            0.007822,            0.007822,            0.007822
                 112,            0.010731,           0.0096114,           0.0038375,             0.79647,             0.92347,             0.87306,             0.75827,            0.011343,           0.0083292,            0.011483,           0.0078022,           0.0078022,           0.0078022
                 113,            0.010589,           0.0092395,           0.0039416,             0.87148,             0.85858,             0.88984,              0.7641,            0.011347,           0.0082853,            0.013812,           0.0077824,           0.0077824,           0.0077824
                 114,            0.010612,           0.0094123,            0.004064,             0.87986,             0.87968,             0.89896,             0.76988,            0.011423,            0.008414,            0.012396,           0.0077626,           0.0077626,           0.0077626
                 115,            0.010609,           0.0093633,           0.0037366,             0.83697,             0.92126,             0.91009,             0.77968,              0.0114,           0.0081166,            0.013691,           0.0077428,           0.0077428,           0.0077428
                 116,            0.010366,           0.0091738,           0.0040088,             0.85854,             0.90804,             0.89587,             0.77361,            0.011146,           0.0079536,            0.010802,            0.007723,            0.007723,            0.007723
                 117,            0.010596,           0.0093355,           0.0039167,              0.8801,             0.85992,             0.88582,              0.7668,            0.011191,           0.0081953,            0.013754,           0.0077032,           0.0077032,           0.0077032
                 118,            0.010501,           0.0092514,           0.0036616,              0.8478,             0.89382,             0.90426,             0.77032,            0.011151,           0.0081547,            0.014226,           0.0076834,           0.0076834,           0.0076834
                 119,            0.010272,            0.009198,           0.0037602,             0.81658,             0.87912,             0.88341,             0.77668,            0.011139,           0.0081895,            0.014915,           0.0076636,           0.0076636,           0.0076636
                 120,            0.010572,           0.0093461,           0.0037339,             0.85203,             0.85223,             0.88113,             0.76555,            0.011502,           0.0082505,            0.014646,           0.0076438,           0.0076438,           0.0076438
                 121,            0.010446,           0.0092328,           0.0036638,               0.864,             0.86368,             0.89323,             0.76922,            0.011284,           0.0081635,             0.01314,            0.007624,            0.007624,            0.007624
                 122,            0.010435,           0.0091313,           0.0040263,             0.88869,             0.89667,              0.9151,             0.79227,            0.011047,           0.0079305,            0.010151,           0.0076042,           0.0076042,           0.0076042
                 123,            0.010737,           0.0093376,           0.0038523,             0.88947,             0.87326,             0.92709,             0.78003,            0.011528,           0.0082476,            0.010777,           0.0075844,           0.0075844,           0.0075844
                 124,            0.010323,           0.0091776,           0.0038635,              0.8428,             0.89404,             0.89414,             0.76998,            0.011288,           0.0080064,            0.012926,           0.0075646,           0.0075646,           0.0075646
                 125,            0.010578,           0.0094215,            0.004372,             0.91825,             0.88184,             0.91948,             0.77877,             0.01155,           0.0080704,            0.012791,           0.0075448,           0.0075448,           0.0075448
                 126,             0.01028,           0.0095575,           0.0038546,              0.8846,             0.87295,             0.90155,             0.76942,            0.011217,           0.0080119,            0.012212,            0.007525,            0.007525,            0.007525
                 127,            0.010224,           0.0091379,            0.003706,             0.86643,             0.88041,             0.90784,             0.77241,            0.011075,           0.0078591,             0.01251,           0.0075052,           0.0075052,           0.0075052
                 128,            0.010404,           0.0093722,           0.0034965,             0.86219,             0.85836,             0.89568,             0.76839,            0.011172,           0.0079677,            0.012188,           0.0074854,           0.0074854,           0.0074854
                 129,            0.010204,           0.0091079,           0.0037051,             0.86703,             0.85199,             0.90399,             0.77089,            0.011057,           0.0079171,            0.011005,           0.0074656,           0.0074656,           0.0074656
                 130,           0.0099541,           0.0089884,           0.0035938,             0.85321,             0.87514,             0.89815,             0.76062,            0.011204,           0.0079876,            0.011035,           0.0074458,           0.0074458,           0.0074458
                 131,           0.0099807,           0.0090721,           0.0039886,             0.86498,             0.87542,              0.9072,             0.76931,            0.010888,           0.0080317,            0.011314,            0.007426,            0.007426,            0.007426
                 132,            0.010023,           0.0090738,           0.0035127,             0.87703,             0.88835,             0.90918,             0.77396,            0.011015,           0.0081197,            0.014102,           0.0074062,           0.0074062,           0.0074062
                 133,             0.01005,            0.008936,           0.0032587,             0.87921,              0.8711,             0.90052,             0.77406,            0.011038,             0.00805,             0.01339,           0.0073864,           0.0073864,           0.0073864
                 134,           0.0098483,           0.0091653,           0.0037837,             0.86842,             0.85371,             0.87535,             0.75171,            0.010957,           0.0079635,            0.016403,           0.0073666,           0.0073666,           0.0073666
                 135,            0.010016,           0.0091968,           0.0035977,             0.85458,             0.86602,             0.87502,             0.75436,            0.011067,           0.0078812,            0.016121,           0.0073468,           0.0073468,           0.0073468
                 136,           0.0099486,           0.0089812,           0.0036183,             0.85889,             0.87011,             0.87735,             0.76296,            0.010868,           0.0080042,            0.015552,            0.007327,            0.007327,            0.007327
                 137,           0.0097998,           0.0091002,           0.0035145,             0.87903,              0.8664,             0.89705,             0.78155,            0.010956,           0.0080636,            0.014037,           0.0073072,           0.0073072,           0.0073072
                 138,           0.0098804,           0.0090238,           0.0036766,             0.85136,             0.85337,             0.89423,              0.7662,            0.010784,           0.0079377,             0.01403,           0.0072874,           0.0072874,           0.0072874
                 139,           0.0098207,           0.0088753,           0.0036167,             0.84546,             0.85703,             0.89535,             0.76166,            0.010839,           0.0078569,            0.014487,           0.0072676,           0.0072676,           0.0072676
                 140,            0.009909,           0.0088147,           0.0035512,             0.83704,             0.86294,             0.87684,             0.75505,            0.010841,           0.0077737,            0.015205,           0.0072478,           0.0072478,           0.0072478
                 141,           0.0099534,           0.0086983,           0.0037367,             0.90541,             0.84081,             0.89653,             0.77766,            0.010867,           0.0078519,            0.015363,            0.007228,            0.007228,            0.007228
                 142,            0.010073,           0.0090469,           0.0038927,             0.91066,             0.85534,             0.89874,             0.77288,            0.010751,           0.0076776,            0.015315,           0.0072082,           0.0072082,           0.0072082
                 143,           0.0099078,           0.0090586,           0.0037774,             0.89089,             0.85865,             0.89187,             0.76989,            0.010837,           0.0078573,            0.015239,           0.0071884,           0.0071884,           0.0071884
                 144,           0.0096731,           0.0089294,           0.0036139,             0.85999,             0.86383,             0.87542,             0.75618,             0.01095,           0.0079395,            0.015411,           0.0071686,           0.0071686,           0.0071686
                 145,           0.0096069,           0.0090109,           0.0034397,             0.87796,             0.85356,              0.8817,             0.76577,            0.010959,           0.0079172,            0.014886,           0.0071488,           0.0071488,           0.0071488
                 146,           0.0096379,           0.0088129,            0.003535,             0.87702,              0.8482,             0.88246,             0.76511,            0.010936,             0.00788,            0.013845,            0.007129,            0.007129,            0.007129
                 147,           0.0095958,           0.0087332,           0.0034766,              0.8592,             0.85074,             0.86557,             0.75765,            0.010893,            0.007915,            0.015795,           0.0071092,           0.0071092,           0.0071092
                 148,             0.00936,           0.0087208,           0.0034306,             0.86836,             0.86906,             0.87432,             0.76012,            0.010795,           0.0077795,            0.015906,           0.0070894,           0.0070894,           0.0070894
                 149,           0.0094687,           0.0087543,           0.0035772,             0.80914,             0.86869,             0.87836,             0.76524,            0.010821,            0.007917,            0.015708,           0.0070696,           0.0070696,           0.0070696
                 150,           0.0098561,           0.0088744,           0.0033984,             0.84684,             0.83121,             0.87281,             0.76934,            0.010842,           0.0077926,            0.015458,           0.0070498,           0.0070498,           0.0070498
                 151,           0.0095616,             0.00885,           0.0035692,             0.82712,              0.8276,             0.85609,             0.76409,            0.010857,           0.0078987,            0.015902,             0.00703,             0.00703,             0.00703
                 152,           0.0097118,           0.0087172,           0.0032663,             0.83619,             0.82488,             0.85588,             0.76083,            0.010922,           0.0079187,             0.01658,           0.0070102,           0.0070102,           0.0070102
                 153,           0.0096428,           0.0086844,           0.0033449,             0.83326,             0.85669,             0.86349,             0.75371,            0.011216,           0.0079383,            0.017006,           0.0069904,           0.0069904,           0.0069904
                 154,           0.0094691,           0.0085118,            0.003491,             0.81392,             0.86552,             0.86517,               0.757,            0.011232,           0.0078325,            0.016854,           0.0069706,           0.0069706,           0.0069706
                 155,           0.0094061,            0.008566,           0.0034061,             0.85645,             0.84922,             0.86587,             0.75628,            0.011168,           0.0078627,             0.01606,           0.0069508,           0.0069508,           0.0069508
                 156,           0.0097892,           0.0089236,           0.0039713,             0.85524,             0.85584,             0.86553,             0.74957,            0.011141,            0.007943,            0.015551,            0.006931,            0.006931,            0.006931
                 157,           0.0094546,           0.0086682,           0.0033823,             0.83105,             0.82885,             0.85045,             0.75153,            0.010965,           0.0079144,            0.015727,           0.0069112,           0.0069112,           0.0069112
                 158,           0.0094743,           0.0086799,           0.0034396,             0.83653,             0.82273,             0.84834,              0.7545,            0.010895,           0.0079065,            0.014327,           0.0068914,           0.0068914,           0.0068914
                 159,           0.0095679,           0.0088677,           0.0035631,             0.81746,              0.8354,              0.8531,             0.76148,            0.010838,           0.0078318,            0.013369,           0.0068716,           0.0068716,           0.0068716
                 160,           0.0093114,           0.0086129,           0.0033901,             0.79238,             0.89793,             0.85887,             0.76652,            0.010783,           0.0078303,            0.012207,           0.0068518,           0.0068518,           0.0068518
                 161,           0.0093873,           0.0085165,           0.0035839,             0.86808,              0.8824,             0.89798,             0.77545,            0.010877,            0.007803,            0.010839,            0.006832,            0.006832,            0.006832
                 162,           0.0095167,           0.0087723,           0.0034008,             0.87135,             0.90251,             0.89847,             0.77635,            0.010904,           0.0077077,            0.010689,           0.0068122,           0.0068122,           0.0068122
                 163,           0.0092353,           0.0085924,           0.0035144,              0.8402,             0.91782,             0.91003,             0.77895,            0.010934,           0.0077302,            0.010985,           0.0067924,           0.0067924,           0.0067924
                 164,           0.0093691,           0.0085219,           0.0036476,             0.84378,             0.92117,             0.90688,             0.77365,            0.010893,           0.0077645,            0.011607,           0.0067726,           0.0067726,           0.0067726
                 165,           0.0092708,           0.0086387,           0.0031776,             0.83665,             0.87626,             0.90656,             0.77631,            0.010916,           0.0077879,            0.014152,           0.0067528,           0.0067528,           0.0067528
                 166,            0.009348,            0.008718,           0.0033798,             0.83613,             0.87619,             0.90687,             0.77713,            0.010905,           0.0078227,            0.013059,            0.006733,            0.006733,            0.006733
                 167,           0.0092221,           0.0086481,           0.0031188,             0.83209,             0.89805,             0.88957,             0.76901,            0.010813,           0.0077427,            0.012658,           0.0067132,           0.0067132,           0.0067132
                 168,           0.0090868,           0.0086831,            0.003566,             0.84919,             0.85437,              0.8902,             0.76857,             0.01087,           0.0077896,             0.01303,           0.0066934,           0.0066934,           0.0066934
                 169,           0.0092437,           0.0085222,           0.0031572,             0.83866,             0.89082,             0.89431,              0.7713,            0.010894,           0.0078592,            0.011519,           0.0066736,           0.0066736,           0.0066736
                 170,             0.00929,           0.0086414,            0.003411,             0.86381,             0.87643,             0.89548,             0.77491,            0.010843,           0.0077935,            0.011065,           0.0066538,           0.0066538,           0.0066538
                 171,           0.0088701,           0.0084815,            0.003517,             0.82113,             0.92012,             0.89324,             0.77036,            0.010784,           0.0076851,            0.011479,            0.006634,            0.006634,            0.006634
                 172,            0.009054,           0.0082937,           0.0033066,              0.8546,             0.85252,             0.89647,             0.77456,            0.010746,           0.0076475,            0.012298,           0.0066142,           0.0066142,           0.0066142
                 173,            0.009335,           0.0085476,           0.0034314,               0.852,             0.89564,             0.90222,             0.77224,            0.010887,             0.00776,            0.012541,           0.0065944,           0.0065944,           0.0065944
                 174,           0.0091184,           0.0084823,           0.0034249,             0.85257,             0.85598,             0.89529,             0.77092,            0.010929,           0.0079085,            0.012957,           0.0065746,           0.0065746,           0.0065746
                 175,           0.0089969,           0.0083604,           0.0034129,             0.84494,             0.85436,             0.89453,             0.77007,            0.010912,           0.0079554,            0.013622,           0.0065548,           0.0065548,           0.0065548
                 176,           0.0088775,           0.0084061,            0.003248,             0.83441,             0.85379,             0.88498,             0.76466,            0.010832,           0.0079043,            0.014409,            0.006535,            0.006535,            0.006535
                 177,           0.0090899,           0.0085022,           0.0033393,             0.83893,             0.85462,             0.88513,             0.77076,            0.010881,           0.0079881,            0.014628,           0.0065152,           0.0065152,           0.0065152
                 178,           0.0090127,           0.0084826,           0.0033971,             0.82703,             0.89341,             0.88935,             0.77127,            0.010948,           0.0080125,            0.014332,           0.0064954,           0.0064954,           0.0064954
                 179,           0.0088722,           0.0085219,           0.0032353,             0.84845,             0.88382,             0.88728,             0.77173,            0.010974,           0.0079746,             0.01481,           0.0064756,           0.0064756,           0.0064756
                 180,           0.0088943,           0.0085359,           0.0031119,             0.81075,             0.89602,              0.8867,              0.7728,             0.01095,           0.0079633,            0.014473,           0.0064558,           0.0064558,           0.0064558
                 181,           0.0087775,           0.0083691,           0.0031764,             0.82853,             0.86803,             0.87416,             0.76241,            0.010968,           0.0079969,            0.015368,            0.006436,            0.006436,            0.006436
                 182,           0.0086127,           0.0082563,           0.0033093,             0.82905,              0.8728,             0.88065,             0.76737,            0.010992,           0.0080411,            0.014985,           0.0064162,           0.0064162,           0.0064162
                 183,           0.0087379,           0.0083576,            0.003278,              0.8157,             0.86935,             0.89253,             0.78188,             0.01094,           0.0080634,            0.014629,           0.0063964,           0.0063964,           0.0063964
                 184,            0.008584,           0.0083139,           0.0028643,             0.81472,             0.87148,             0.88558,             0.77218,            0.010935,            0.008014,            0.014699,           0.0063766,           0.0063766,           0.0063766
                 185,           0.0087376,           0.0083301,           0.0032694,             0.81437,              0.8705,             0.88908,             0.78133,            0.010926,           0.0079751,            0.014377,           0.0063568,           0.0063568,           0.0063568
                 186,           0.0086062,           0.0082234,           0.0031741,             0.78434,             0.87564,             0.86495,             0.76547,            0.010958,           0.0079724,            0.014348,            0.006337,            0.006337,            0.006337
                 187,           0.0088307,           0.0083684,           0.0034168,             0.78646,             0.88725,             0.86816,             0.76401,            0.010973,           0.0079424,            0.014873,           0.0063172,           0.0063172,           0.0063172
                 188,           0.0086458,           0.0081221,            0.003317,              0.8011,             0.89047,             0.86531,             0.76266,            0.010973,           0.0079277,            0.015365,           0.0062974,           0.0062974,           0.0062974
                 189,           0.0086772,           0.0080801,           0.0031515,             0.79767,             0.86852,             0.86484,             0.76086,            0.010971,           0.0079301,            0.015747,           0.0062776,           0.0062776,           0.0062776
                 190,           0.0087899,           0.0083462,           0.0033131,             0.85057,             0.85594,             0.87252,             0.76295,            0.010999,           0.0079153,            0.015704,           0.0062578,           0.0062578,           0.0062578
                 191,           0.0086437,           0.0081226,           0.0031907,             0.84755,             0.85968,             0.87165,             0.75993,            0.010996,           0.0079671,            0.016068,            0.006238,            0.006238,            0.006238
                 192,           0.0085899,           0.0083795,           0.0034507,             0.83618,             0.82536,             0.86504,             0.76117,            0.010981,           0.0079944,            0.016253,           0.0062182,           0.0062182,           0.0062182
                 193,           0.0085274,           0.0080282,           0.0031542,             0.83258,             0.82343,             0.86623,             0.76151,             0.01099,           0.0080237,            0.016939,           0.0061984,           0.0061984,           0.0061984
                 194,           0.0087151,            0.008239,           0.0031894,              0.8517,             0.84786,              0.8723,             0.76347,            0.011025,           0.0080025,            0.017028,           0.0061786,           0.0061786,           0.0061786
                 195,           0.0088674,            0.008389,           0.0031943,             0.84878,              0.8466,             0.87092,             0.76382,            0.011071,           0.0079967,            0.017012,           0.0061588,           0.0061588,           0.0061588
                 196,           0.0087988,           0.0081498,           0.0031061,             0.84607,              0.8443,             0.86977,             0.76086,            0.011062,           0.0080062,             0.01689,            0.006139,            0.006139,            0.006139
                 197,           0.0085565,           0.0079808,           0.0030253,             0.84956,             0.84544,             0.87035,             0.75988,            0.011053,           0.0080389,            0.016537,           0.0061192,           0.0061192,           0.0061192
                 198,           0.0085345,           0.0081512,           0.0033033,             0.85016,              0.8509,              0.8766,             0.76594,            0.011085,           0.0080443,            0.016429,           0.0060994,           0.0060994,           0.0060994
                 199,           0.0085118,           0.0082583,           0.0031265,             0.85235,             0.85129,             0.87894,             0.76519,            0.011109,            0.008005,            0.016269,           0.0060796,           0.0060796,           0.0060796
                 200,           0.0083724,           0.0080423,           0.0029523,             0.85154,             0.85137,             0.87999,             0.76969,            0.011103,           0.0079952,            0.015924,           0.0060598,           0.0060598,           0.0060598
                 201,           0.0085939,           0.0082316,           0.0032157,             0.85343,             0.88109,             0.89292,             0.77833,             0.01114,           0.0079683,            0.015448,             0.00604,             0.00604,             0.00604
                 202,            0.008556,            0.008161,           0.0030679,             0.85461,             0.87786,             0.89848,             0.78042,            0.011176,           0.0079764,            0.015674,           0.0060202,           0.0060202,           0.0060202
                 203,           0.0084228,           0.0081206,           0.0033542,             0.85174,             0.87434,              0.8878,             0.77478,            0.011177,           0.0079809,            0.016211,           0.0060004,           0.0060004,           0.0060004
                 204,           0.0085575,           0.0080097,           0.0032623,             0.84693,             0.85408,             0.88053,             0.77291,            0.011141,           0.0079914,            0.016604,           0.0059806,           0.0059806,           0.0059806
                 205,           0.0084889,           0.0080289,           0.0031404,             0.84818,              0.8492,             0.87495,             0.76564,            0.011133,           0.0079952,            0.017021,           0.0059608,           0.0059608,           0.0059608
                 206,           0.0081928,           0.0078963,           0.0030409,             0.84389,             0.85406,             0.87566,             0.76117,             0.01111,           0.0079842,            0.017249,            0.005941,            0.005941,            0.005941
                 207,           0.0083435,           0.0078864,           0.0031995,             0.84503,             0.85369,             0.87636,             0.76153,            0.011115,           0.0079955,            0.016659,           0.0059212,           0.0059212,           0.0059212
                 208,           0.0081789,           0.0079521,            0.003052,             0.84657,             0.85194,             0.88068,             0.76641,            0.011132,           0.0080016,            0.016573,           0.0059014,           0.0059014,           0.0059014
                 209,           0.0084243,           0.0081605,           0.0031375,             0.84653,             0.85128,             0.87591,             0.76296,            0.011122,           0.0079682,            0.016747,           0.0058816,           0.0058816,           0.0058816
                 210,           0.0083191,           0.0077817,           0.0029997,             0.84693,             0.85049,              0.8742,             0.76182,            0.011067,           0.0079597,            0.016774,           0.0058618,           0.0058618,           0.0058618
                 211,           0.0084912,           0.0080296,           0.0029517,              0.8441,             0.84961,              0.8747,             0.76275,            0.011044,           0.0079602,            0.016392,            0.005842,            0.005842,            0.005842
                 212,           0.0084224,            0.007997,           0.0029759,             0.84044,             0.84849,             0.87506,             0.75905,            0.011052,           0.0079698,            0.016082,           0.0058222,           0.0058222,           0.0058222
                 213,           0.0082063,           0.0079742,           0.0029922,             0.83601,             0.84764,             0.87434,             0.76092,            0.011017,           0.0079682,            0.015927,           0.0058024,           0.0058024,           0.0058024
                 214,           0.0082472,           0.0079132,           0.0031303,             0.84341,             0.84902,             0.87449,             0.76193,            0.010981,           0.0079467,            0.015736,           0.0057826,           0.0057826,           0.0057826
                 215,           0.0083075,           0.0079554,           0.0030042,              0.8464,             0.85015,             0.87514,             0.76279,            0.010969,           0.0079501,            0.015501,           0.0057628,           0.0057628,           0.0057628
                 216,            0.008299,           0.0077996,           0.0033847,             0.84684,             0.85397,             0.87703,             0.76601,            0.010959,           0.0079804,            0.015414,            0.005743,            0.005743,            0.005743
                 217,           0.0083188,           0.0077861,           0.0032205,             0.84692,              0.8535,             0.87949,             0.76924,            0.010961,           0.0079933,            0.016021,           0.0057232,           0.0057232,           0.0057232
                 218,           0.0082036,           0.0078917,           0.0029372,             0.84786,             0.85533,             0.87869,             0.76125,            0.010968,           0.0079812,            0.016294,           0.0057034,           0.0057034,           0.0057034
                 219,           0.0081198,            0.008052,           0.0030334,             0.84773,             0.85514,              0.8762,             0.75697,            0.010955,           0.0079865,            0.016597,           0.0056836,           0.0056836,           0.0056836
                 220,            0.007977,           0.0076768,           0.0029951,             0.84808,             0.85437,             0.87526,             0.76042,            0.010964,           0.0079889,              0.0168,           0.0056638,           0.0056638,           0.0056638
                 221,           0.0080468,           0.0078713,           0.0028371,             0.84966,             0.85526,             0.88049,              0.7611,            0.010978,           0.0079955,            0.016765,            0.005644,            0.005644,            0.005644
                 222,           0.0080086,           0.0077324,           0.0029248,             0.84985,             0.85557,             0.88573,              0.7677,            0.010981,           0.0080177,            0.016725,           0.0056242,           0.0056242,           0.0056242
